﻿<XtraSerializer version="1.0" application="GssLayoutControl">
  <property name="#LayoutVersion" />
  <property name="OptionsFocus" isnull="true" iskey="true">
    <property name="ActivateSelectedControlOnGotFocus">true</property>
    <property name="AllowFocusControlOnLabelClick">false</property>
    <property name="EnableAutoTabOrder">true</property>
    <property name="AllowFocusControlOnActivatedTabPage">false</property>
    <property name="AllowFocusGroups">true</property>
    <property name="AllowFocusTabbedGroups">true</property>
    <property name="AllowFocusReadonlyEditors">true</property>
    <property name="MoveFocusRightToLeft">false</property>
    <property name="MoveFocusDirection">AcrossThenDown</property>
  </property>
  <property name="LookAndFeel" isnull="true" iskey="true">
    <property name="SkinName">DevExpress Style</property>
    <property name="Style">Skin</property>
    <property name="UseDefaultLookAndFeel">true</property>
    <property name="UseWindowsXPTheme">false</property>
  </property>
  <property name="Items" iskey="true" value="20">
    <property name="Item1" isnull="true" iskey="true">
      <property name="TextInternationalID">0</property>
      <property name="HasButton">false</property>
      <property name="ButtonSvgImage">GO_COLOR</property>
      <property name="ButtonCaption">Apply Filter</property>
      <property name="ButtonCaptionInternationalID">997609</property>
      <property name="ExpandButtonVisible">false</property>
      <property name="ActualExpandButtonVisible">false</property>
      <property name="TypeName">LayoutGroup</property>
      <property name="TabbedGroupParentName" />
      <property name="GroupBordersVisible">false</property>
      <property name="AllowDrawBackground">true</property>
      <property name="EnableIndentsWithoutBorders">True</property>
      <property name="OptionsItemText" isnull="true" iskey="true">
        <property name="TextToControlDistance">3</property>
        <property name="TextAlignMode">UseParentOptions</property>
      </property>
      <property name="CaptionImageVisible">true</property>
      <property name="FlowDirection">LeftToRight</property>
      <property name="LayoutMode">Regular</property>
      <property name="CaptionImageLocation">Default</property>
      <property name="CaptionImageIndex">-1</property>
      <property name="AllowBorderColorBlending">false</property>
      <property name="Enabled">true</property>
      <property name="ExpandOnDoubleClick">false</property>
      <property name="Expanded">true</property>
      <property name="DefaultLayoutType">Vertical</property>
      <property name="ShowTabPageCloseButton">false</property>
      <property name="AllowHtmlStringInCaption">false</property>
      <property name="AllowGlyphSkinning">Default</property>
      <property name="OptionsPrint" isnull="true" iskey="true">
        <property name="AppearanceGroupCaption" isnull="true" iskey="true">
          <property name="ForeColor" />
          <property name="BorderColor" />
          <property name="BackColor" />
          <property name="BackColor2" />
          <property name="Font">Tahoma, 8.25pt</property>
          <property name="GradientMode">Horizontal</property>
          <property name="FontSizeDelta">0</property>
          <property name="FontStyleDelta">Regular</property>
        </property>
        <property name="AllowPrintGroupCaption">true</property>
        <property name="TextToControlDistance">-1</property>
        <property name="AllowPrint">true</property>
        <property name="AppearanceItemCaption" isnull="true" iskey="true">
          <property name="ForeColor" />
          <property name="BorderColor" />
          <property name="BackColor" />
          <property name="BackColor2" />
          <property name="Font">Tahoma, 8.25pt</property>
          <property name="GradientMode">Horizontal</property>
          <property name="FontSizeDelta">0</property>
          <property name="FontStyleDelta">Regular</property>
        </property>
      </property>
      <property name="OptionsTableLayoutGroup" isnull="true" iskey="true">
        <property name="RowDefinitions" iskey="true" value="0" />
        <property name="ColumnDefinitions" iskey="true" value="0" />
      </property>
      <property name="Size">@4,Width=1024@3,Height=601</property>
      <property name="ExpandButtonMode">Normal</property>
      <property name="HeaderButtonsLocation">AfterText</property>
      <property name="GroupStyle">Inherited</property>
      <property name="TextToControlDistance">0</property>
      <property name="TextLocation">Top</property>
      <property name="AppearanceTabPage" isnull="true" iskey="true">
        <property name="Header" isnull="true" iskey="true">
          <property name="ForeColor" />
          <property name="BorderColor" />
          <property name="BackColor" />
          <property name="BackColor2" />
          <property name="Font">Tahoma, 8.25pt</property>
          <property name="GradientMode">Horizontal</property>
          <property name="FontSizeDelta">0</property>
          <property name="FontStyleDelta">Regular</property>
        </property>
        <property name="HeaderActive" isnull="true" iskey="true">
          <property name="ForeColor" />
          <property name="BorderColor" />
          <property name="BackColor" />
          <property name="BackColor2" />
          <property name="Font">Tahoma, 8.25pt</property>
          <property name="GradientMode">Horizontal</property>
          <property name="FontSizeDelta">0</property>
          <property name="FontStyleDelta">Regular</property>
        </property>
        <property name="HeaderDisabled" isnull="true" iskey="true">
          <property name="ForeColor" />
          <property name="BorderColor" />
          <property name="BackColor" />
          <property name="BackColor2" />
          <property name="Font">Tahoma, 8.25pt</property>
          <property name="GradientMode">Horizontal</property>
          <property name="FontSizeDelta">0</property>
          <property name="FontStyleDelta">Regular</property>
        </property>
        <property name="HeaderHotTracked" isnull="true" iskey="true">
          <property name="ForeColor" />
          <property name="BorderColor" />
          <property name="BackColor" />
          <property name="BackColor2" />
          <property name="Font">Tahoma, 8.25pt</property>
          <property name="GradientMode">Horizontal</property>
          <property name="FontSizeDelta">0</property>
          <property name="FontStyleDelta">Regular</property>
        </property>
        <property name="PageClient" isnull="true" iskey="true">
          <property name="ForeColor" />
          <property name="BorderColor" />
          <property name="BackColor" />
          <property name="BackColor2" />
          <property name="Font">Tahoma, 8.25pt</property>
          <property name="GradientMode">Horizontal</property>
          <property name="FontSizeDelta">0</property>
          <property name="FontStyleDelta">Regular</property>
        </property>
      </property>
      <property name="AppearanceGroup" isnull="true" iskey="true">
        <property name="ForeColor" />
        <property name="BorderColor" />
        <property name="BackColor" />
        <property name="BackColor2" />
        <property name="Font">Tahoma, 8.25pt</property>
        <property name="GradientMode">Horizontal</property>
        <property name="FontSizeDelta">0</property>
        <property name="FontStyleDelta">Regular</property>
      </property>
      <property name="TabPageWidth">0</property>
      <property name="OptionsCustomization" isnull="true" iskey="true">
        <property name="AllowDrag">Default</property>
        <property name="AllowDrop">Default</property>
      </property>
      <property name="OptionsTableLayoutItem" isnull="true" iskey="true">
        <property name="RowIndex">0</property>
        <property name="RowSpan">1</property>
        <property name="ColumnIndex">0</property>
        <property name="ColumnSpan">1</property>
      </property>
      <property name="OptionsToolTip" isnull="true" iskey="true">
        <property name="ToolTip" />
        <property name="ToolTipTitle" />
        <property name="ToolTipIconType">None</property>
        <property name="ImmediateToolTip">false</property>
        <property name="AllowHtmlString">Default</property>
        <property name="IconToolTip" />
        <property name="IconToolTipTitle" />
        <property name="IconToolTipIconType">None</property>
        <property name="EnableIconToolTip">true</property>
        <property name="IconImmediateToolTip">false</property>
        <property name="IconAllowHtmlString">Default</property>
      </property>
      <property name="Name">Root</property>
      <property name="AppearanceItemCaption" isnull="true" iskey="true">
        <property name="ForeColor" />
        <property name="BorderColor" />
        <property name="BackColor" />
        <property name="BackColor2" />
        <property name="Font">Tahoma, 8.25pt</property>
        <property name="GradientMode">Horizontal</property>
        <property name="FontSizeDelta">0</property>
        <property name="FontStyleDelta">Regular</property>
      </property>
      <property name="ParentName" />
      <property name="TextVisible">true</property>
      <property name="Spacing">0, 0, 0, 0</property>
      <property name="Padding">0, 0, 0, 0</property>
      <property name="Location">@1,X=0@1,Y=0</property>
      <property name="ShowInCustomizationForm">true</property>
      <property name="Text">Root</property>
      <property name="CustomizationFormText">Root</property>
      <property name="StartNewLine">false</property>
      <property name="Visibility">Always</property>
    </property>
    <property name="Item2" isnull="true" iskey="true">
      <property name="TextInternationalID">0</property>
      <property name="TypeName">LayoutControlItem</property>
      <property name="ControlName">TXTTEMPLATESUBJECT</property>
      <property name="AllowHtmlStringInCaption">false</property>
      <property name="TextAlignMode">UseParentOptions</property>
      <property name="SizeConstraintsType">Default</property>
      <property name="Image" isnull="true" />
      <property name="ImageIndex">-1</property>
      <property name="ImageAlignment">MiddleLeft</property>
      <property name="ImageToTextDistance">5</property>
      <property name="OptionsPrint" isnull="true" iskey="true">
        <property name="TextToControlDistance">-1</property>
        <property name="AllowPrint">true</property>
        <property name="AppearanceItemCaption" isnull="true" iskey="true">
          <property name="ForeColor" />
          <property name="BorderColor" />
          <property name="BackColor" />
          <property name="BackColor2" />
          <property name="Font">Tahoma, 8.25pt</property>
          <property name="GradientMode">Horizontal</property>
          <property name="FontSizeDelta">0</property>
          <property name="FontStyleDelta">Regular</property>
        </property>
      </property>
      <property name="MaxSize">@1,Width=0@2,Height=40</property>
      <property name="MinSize">@2,Width=87@2,Height=40</property>
      <property name="ControlAlignment">TopLeft</property>
      <property name="ContentVisible">true</property>
      <property name="HighlightFocusedItem">Default</property>
      <property name="TrimClientAreaToControl">true</property>
      <property name="Enabled">true</property>
      <property name="AllowGlyphSkinning">Default</property>
      <property name="OptionsCustomization" isnull="true" iskey="true">
        <property name="AllowDrag">Default</property>
        <property name="AllowDrop">Default</property>
      </property>
      <property name="OptionsTableLayoutItem" isnull="true" iskey="true">
        <property name="RowIndex">0</property>
        <property name="RowSpan">1</property>
        <property name="ColumnIndex">0</property>
        <property name="ColumnSpan">1</property>
      </property>
      <property name="OptionsToolTip" isnull="true" iskey="true">
        <property name="ToolTip" />
        <property name="ToolTipTitle" />
        <property name="ToolTipIconType">None</property>
        <property name="ImmediateToolTip">false</property>
        <property name="AllowHtmlString">Default</property>
        <property name="IconToolTip" />
        <property name="IconToolTipTitle" />
        <property name="IconToolTipIconType">None</property>
        <property name="EnableIconToolTip">true</property>
        <property name="IconImmediateToolTip">false</property>
        <property name="IconAllowHtmlString">Default</property>
      </property>
      <property name="Name">layItemtxtTemplateSubject</property>
      <property name="AppearanceItemCaption" isnull="true" iskey="true">
        <property name="ForeColor" />
        <property name="BorderColor" />
        <property name="BackColor" />
        <property name="BackColor2" />
        <property name="Font">Tahoma, 8.25pt</property>
        <property name="GradientMode">Horizontal</property>
        <property name="FontSizeDelta">0</property>
        <property name="FontStyleDelta">Regular</property>
      </property>
      <property name="ParentName">Root</property>
      <property name="TextVisible">true</property>
      <property name="TextSize">@2,Width=83@2,Height=13</property>
      <property name="TextToControlDistance">3</property>
      <property name="Spacing">0, 0, 0, 0</property>
      <property name="Padding">2, 2, 2, 2</property>
      <property name="Location">@1,X=0@1,Y=0</property>
      <property name="Size">@4,Width=1024@2,Height=40</property>
      <property name="ShowInCustomizationForm">true</property>
      <property name="Text">Template Subject</property>
      <property name="CustomizationFormText">Template Subject</property>
      <property name="StartNewLine">false</property>
      <property name="Visibility">Always</property>
      <property name="TextLocation">Top</property>
    </property>
    <property name="Item3" isnull="true" iskey="true">
      <property name="TextInternationalID">0</property>
      <property name="TypeName">LayoutControlItem</property>
      <property name="ControlName">TXTTEMPLATEBODY</property>
      <property name="AllowHtmlStringInCaption">false</property>
      <property name="TextAlignMode">UseParentOptions</property>
      <property name="SizeConstraintsType">Default</property>
      <property name="Image" isnull="true" />
      <property name="ImageIndex">-1</property>
      <property name="ImageAlignment">MiddleLeft</property>
      <property name="ImageToTextDistance">5</property>
      <property name="OptionsPrint" isnull="true" iskey="true">
        <property name="TextToControlDistance">-1</property>
        <property name="AllowPrint">true</property>
        <property name="AppearanceItemCaption" isnull="true" iskey="true">
          <property name="ForeColor" />
          <property name="BorderColor" />
          <property name="BackColor" />
          <property name="BackColor2" />
          <property name="Font">Tahoma, 8.25pt</property>
          <property name="GradientMode">Horizontal</property>
          <property name="FontSizeDelta">0</property>
          <property name="FontStyleDelta">Regular</property>
        </property>
      </property>
      <property name="MaxSize">@1,Width=0@1,Height=0</property>
      <property name="MinSize">@2,Width=87@2,Height=36</property>
      <property name="ControlAlignment">TopLeft</property>
      <property name="ContentVisible">true</property>
      <property name="HighlightFocusedItem">Default</property>
      <property name="TrimClientAreaToControl">true</property>
      <property name="Enabled">true</property>
      <property name="AllowGlyphSkinning">Default</property>
      <property name="OptionsCustomization" isnull="true" iskey="true">
        <property name="AllowDrag">Default</property>
        <property name="AllowDrop">Default</property>
      </property>
      <property name="OptionsTableLayoutItem" isnull="true" iskey="true">
        <property name="RowIndex">0</property>
        <property name="RowSpan">1</property>
        <property name="ColumnIndex">0</property>
        <property name="ColumnSpan">1</property>
      </property>
      <property name="OptionsToolTip" isnull="true" iskey="true">
        <property name="ToolTip" />
        <property name="ToolTipTitle" />
        <property name="ToolTipIconType">None</property>
        <property name="ImmediateToolTip">false</property>
        <property name="AllowHtmlString">Default</property>
        <property name="IconToolTip" />
        <property name="IconToolTipTitle" />
        <property name="IconToolTipIconType">None</property>
        <property name="EnableIconToolTip">true</property>
        <property name="IconImmediateToolTip">false</property>
        <property name="IconAllowHtmlString">Default</property>
      </property>
      <property name="Name">layItemtxtTemplateBody</property>
      <property name="AppearanceItemCaption" isnull="true" iskey="true">
        <property name="ForeColor" />
        <property name="BorderColor" />
        <property name="BackColor" />
        <property name="BackColor2" />
        <property name="Font">Tahoma, 8.25pt</property>
        <property name="GradientMode">Horizontal</property>
        <property name="FontSizeDelta">0</property>
        <property name="FontStyleDelta">Regular</property>
      </property>
      <property name="ParentName">Root</property>
      <property name="TextVisible">true</property>
      <property name="TextSize">@2,Width=83@2,Height=13</property>
      <property name="TextToControlDistance">3</property>
      <property name="Spacing">0, 0, 0, 0</property>
      <property name="Padding">2, 2, 2, 2</property>
      <property name="Location">@1,X=0@2,Y=40</property>
      <property name="Size">@4,Width=1024@3,Height=344</property>
      <property name="ShowInCustomizationForm">true</property>
      <property name="Text">Template Body</property>
      <property name="CustomizationFormText">Template Body</property>
      <property name="StartNewLine">false</property>
      <property name="Visibility">Always</property>
      <property name="TextLocation">Top</property>
    </property>
    <property name="Item4" isnull="true" iskey="true">
      <property name="TextInternationalID">0</property>
      <property name="TypeName">LayoutControlItem</property>
      <property name="ControlName">LBLCONTACTNAME</property>
      <property name="AllowHtmlStringInCaption">false</property>
      <property name="TextAlignMode">UseParentOptions</property>
      <property name="SizeConstraintsType">Default</property>
      <property name="Image" isnull="true" />
      <property name="ImageIndex">-1</property>
      <property name="ImageAlignment">MiddleLeft</property>
      <property name="ImageToTextDistance">5</property>
      <property name="OptionsPrint" isnull="true" iskey="true">
        <property name="TextToControlDistance">-1</property>
        <property name="AllowPrint">true</property>
        <property name="AppearanceItemCaption" isnull="true" iskey="true">
          <property name="ForeColor" />
          <property name="BorderColor" />
          <property name="BackColor" />
          <property name="BackColor2" />
          <property name="Font">Tahoma, 8.25pt</property>
          <property name="GradientMode">Horizontal</property>
          <property name="FontSizeDelta">0</property>
          <property name="FontStyleDelta">Regular</property>
        </property>
      </property>
      <property name="MaxSize">@3,Width=163@2,Height=17</property>
      <property name="MinSize">@3,Width=163@2,Height=17</property>
      <property name="ControlAlignment">TopLeft</property>
      <property name="ContentVisible">true</property>
      <property name="HighlightFocusedItem">Default</property>
      <property name="TrimClientAreaToControl">true</property>
      <property name="Enabled">true</property>
      <property name="AllowGlyphSkinning">Default</property>
      <property name="OptionsCustomization" isnull="true" iskey="true">
        <property name="AllowDrag">Default</property>
        <property name="AllowDrop">Default</property>
      </property>
      <property name="OptionsTableLayoutItem" isnull="true" iskey="true">
        <property name="RowIndex">0</property>
        <property name="RowSpan">1</property>
        <property name="ColumnIndex">0</property>
        <property name="ColumnSpan">1</property>
      </property>
      <property name="OptionsToolTip" isnull="true" iskey="true">
        <property name="ToolTip" />
        <property name="ToolTipTitle" />
        <property name="ToolTipIconType">None</property>
        <property name="ImmediateToolTip">false</property>
        <property name="AllowHtmlString">Default</property>
        <property name="IconToolTip" />
        <property name="IconToolTipTitle" />
        <property name="IconToolTipIconType">None</property>
        <property name="EnableIconToolTip">true</property>
        <property name="IconImmediateToolTip">false</property>
        <property name="IconAllowHtmlString">Default</property>
      </property>
      <property name="Name">layItemlblContactName</property>
      <property name="AppearanceItemCaption" isnull="true" iskey="true">
        <property name="ForeColor" />
        <property name="BorderColor" />
        <property name="BackColor" />
        <property name="BackColor2" />
        <property name="Font">Tahoma, 8.25pt</property>
        <property name="GradientMode">Horizontal</property>
        <property name="FontSizeDelta">0</property>
        <property name="FontStyleDelta">Regular</property>
      </property>
      <property name="ParentName">Root</property>
      <property name="TextVisible">false</property>
      <property name="TextSize">@1,Width=0@1,Height=0</property>
      <property name="TextToControlDistance">0</property>
      <property name="Spacing">0, 0, 0, 0</property>
      <property name="Padding">2, 2, 2, 2</property>
      <property name="Location">@1,X=0@3,Y=401</property>
      <property name="Size">@4,Width=1024@2,Height=17</property>
      <property name="ShowInCustomizationForm">true</property>
      <property name="Text">Contact Name - &lt;CONTACT&gt;</property>
      <property name="CustomizationFormText">Contact Name - &lt;CONTACT&gt;</property>
      <property name="StartNewLine">false</property>
      <property name="Visibility">Always</property>
      <property name="TextLocation">Default</property>
    </property>
    <property name="Item5" isnull="true" iskey="true">
      <property name="TextInternationalID">0</property>
      <property name="TypeName">LayoutControlItem</property>
      <property name="ControlName">LBLORDERNUM</property>
      <property name="AllowHtmlStringInCaption">false</property>
      <property name="TextAlignMode">UseParentOptions</property>
      <property name="SizeConstraintsType">Default</property>
      <property name="Image" isnull="true" />
      <property name="ImageIndex">-1</property>
      <property name="ImageAlignment">MiddleLeft</property>
      <property name="ImageToTextDistance">5</property>
      <property name="OptionsPrint" isnull="true" iskey="true">
        <property name="TextToControlDistance">-1</property>
        <property name="AllowPrint">true</property>
        <property name="AppearanceItemCaption" isnull="true" iskey="true">
          <property name="ForeColor" />
          <property name="BorderColor" />
          <property name="BackColor" />
          <property name="BackColor2" />
          <property name="Font">Tahoma, 8.25pt</property>
          <property name="GradientMode">Horizontal</property>
          <property name="FontSizeDelta">0</property>
          <property name="FontStyleDelta">Regular</property>
        </property>
      </property>
      <property name="MaxSize">@3,Width=160@2,Height=17</property>
      <property name="MinSize">@3,Width=160@2,Height=17</property>
      <property name="ControlAlignment">TopLeft</property>
      <property name="ContentVisible">true</property>
      <property name="HighlightFocusedItem">Default</property>
      <property name="TrimClientAreaToControl">true</property>
      <property name="Enabled">true</property>
      <property name="AllowGlyphSkinning">Default</property>
      <property name="OptionsCustomization" isnull="true" iskey="true">
        <property name="AllowDrag">Default</property>
        <property name="AllowDrop">Default</property>
      </property>
      <property name="OptionsTableLayoutItem" isnull="true" iskey="true">
        <property name="RowIndex">0</property>
        <property name="RowSpan">1</property>
        <property name="ColumnIndex">0</property>
        <property name="ColumnSpan">1</property>
      </property>
      <property name="OptionsToolTip" isnull="true" iskey="true">
        <property name="ToolTip" />
        <property name="ToolTipTitle" />
        <property name="ToolTipIconType">None</property>
        <property name="ImmediateToolTip">false</property>
        <property name="AllowHtmlString">Default</property>
        <property name="IconToolTip" />
        <property name="IconToolTipTitle" />
        <property name="IconToolTipIconType">None</property>
        <property name="EnableIconToolTip">true</property>
        <property name="IconImmediateToolTip">false</property>
        <property name="IconAllowHtmlString">Default</property>
      </property>
      <property name="Name">layItemlblOrderNum</property>
      <property name="AppearanceItemCaption" isnull="true" iskey="true">
        <property name="ForeColor" />
        <property name="BorderColor" />
        <property name="BackColor" />
        <property name="BackColor2" />
        <property name="Font">Tahoma, 8.25pt</property>
        <property name="GradientMode">Horizontal</property>
        <property name="FontSizeDelta">0</property>
        <property name="FontStyleDelta">Regular</property>
      </property>
      <property name="ParentName">Root</property>
      <property name="TextVisible">false</property>
      <property name="TextSize">@1,Width=0@1,Height=0</property>
      <property name="TextToControlDistance">0</property>
      <property name="Spacing">0, 0, 0, 0</property>
      <property name="Padding">2, 2, 2, 2</property>
      <property name="Location">@1,X=0@3,Y=558</property>
      <property name="Size">@4,Width=1024@2,Height=17</property>
      <property name="ShowInCustomizationForm">true</property>
      <property name="Text">Sales Order Number - &lt;SO&gt;</property>
      <property name="CustomizationFormText">Sales Order Number - &lt;SO&gt;</property>
      <property name="StartNewLine">false</property>
      <property name="Visibility">Always</property>
      <property name="TextLocation">Default</property>
    </property>
    <property name="Item6" isnull="true" iskey="true">
      <property name="TextInternationalID">0</property>
      <property name="TypeName">LayoutControlItem</property>
      <property name="ControlName">LBLREPLACEMENT</property>
      <property name="AllowHtmlStringInCaption">false</property>
      <property name="TextAlignMode">UseParentOptions</property>
      <property name="SizeConstraintsType">Default</property>
      <property name="Image" isnull="true" />
      <property name="ImageIndex">-1</property>
      <property name="ImageAlignment">MiddleLeft</property>
      <property name="ImageToTextDistance">5</property>
      <property name="OptionsPrint" isnull="true" iskey="true">
        <property name="TextToControlDistance">-1</property>
        <property name="AllowPrint">true</property>
        <property name="AppearanceItemCaption" isnull="true" iskey="true">
          <property name="ForeColor" />
          <property name="BorderColor" />
          <property name="BackColor" />
          <property name="BackColor2" />
          <property name="Font">Tahoma, 8.25pt</property>
          <property name="GradientMode">Horizontal</property>
          <property name="FontSizeDelta">0</property>
          <property name="FontStyleDelta">Regular</property>
        </property>
      </property>
      <property name="MaxSize">@3,Width=301@2,Height=17</property>
      <property name="MinSize">@3,Width=301@2,Height=17</property>
      <property name="ControlAlignment">TopLeft</property>
      <property name="ContentVisible">true</property>
      <property name="HighlightFocusedItem">Default</property>
      <property name="TrimClientAreaToControl">true</property>
      <property name="Enabled">true</property>
      <property name="AllowGlyphSkinning">Default</property>
      <property name="OptionsCustomization" isnull="true" iskey="true">
        <property name="AllowDrag">Default</property>
        <property name="AllowDrop">Default</property>
      </property>
      <property name="OptionsTableLayoutItem" isnull="true" iskey="true">
        <property name="RowIndex">0</property>
        <property name="RowSpan">1</property>
        <property name="ColumnIndex">0</property>
        <property name="ColumnSpan">1</property>
      </property>
      <property name="OptionsToolTip" isnull="true" iskey="true">
        <property name="ToolTip" />
        <property name="ToolTipTitle" />
        <property name="ToolTipIconType">None</property>
        <property name="ImmediateToolTip">false</property>
        <property name="AllowHtmlString">Default</property>
        <property name="IconToolTip" />
        <property name="IconToolTipTitle" />
        <property name="IconToolTipIconType">None</property>
        <property name="EnableIconToolTip">true</property>
        <property name="IconImmediateToolTip">false</property>
        <property name="IconAllowHtmlString">Default</property>
      </property>
      <property name="Name">layItemlblReplacement</property>
      <property name="AppearanceItemCaption" isnull="true" iskey="true">
        <property name="ForeColor" />
        <property name="BorderColor" />
        <property name="BackColor" />
        <property name="BackColor2" />
        <property name="Font">Tahoma, 8.25pt</property>
        <property name="GradientMode">Horizontal</property>
        <property name="FontSizeDelta">0</property>
        <property name="FontStyleDelta">Regular</property>
      </property>
      <property name="ParentName">Root</property>
      <property name="TextVisible">false</property>
      <property name="TextSize">@1,Width=0@1,Height=0</property>
      <property name="TextToControlDistance">0</property>
      <property name="Spacing">0, 0, 0, 0</property>
      <property name="Padding">2, 2, 2, 2</property>
      <property name="Location">@1,X=0@3,Y=384</property>
      <property name="Size">@4,Width=1024@2,Height=17</property>
      <property name="ShowInCustomizationForm">true</property>
      <property name="Text">Replacement Wildcards:</property>
      <property name="CustomizationFormText">Replacement Wildcards:</property>
      <property name="StartNewLine">false</property>
      <property name="Visibility">Always</property>
      <property name="TextLocation">Default</property>
    </property>
    <property name="Item7" isnull="true" iskey="true">
      <property name="TextInternationalID">0</property>
      <property name="TypeName">LayoutControlItem</property>
      <property name="ControlName">LBLCUSTPO</property>
      <property name="AllowHtmlStringInCaption">false</property>
      <property name="TextAlignMode">UseParentOptions</property>
      <property name="SizeConstraintsType">Default</property>
      <property name="Image" isnull="true" />
      <property name="ImageIndex">-1</property>
      <property name="ImageAlignment">MiddleLeft</property>
      <property name="ImageToTextDistance">5</property>
      <property name="OptionsPrint" isnull="true" iskey="true">
        <property name="TextToControlDistance">-1</property>
        <property name="AllowPrint">true</property>
        <property name="AppearanceItemCaption" isnull="true" iskey="true">
          <property name="ForeColor" />
          <property name="BorderColor" />
          <property name="BackColor" />
          <property name="BackColor2" />
          <property name="Font">Tahoma, 8.25pt</property>
          <property name="GradientMode">Horizontal</property>
          <property name="FontSizeDelta">0</property>
          <property name="FontStyleDelta">Regular</property>
        </property>
      </property>
      <property name="MaxSize">@3,Width=197@2,Height=17</property>
      <property name="MinSize">@3,Width=197@2,Height=17</property>
      <property name="ControlAlignment">TopLeft</property>
      <property name="ContentVisible">true</property>
      <property name="HighlightFocusedItem">Default</property>
      <property name="TrimClientAreaToControl">true</property>
      <property name="Enabled">true</property>
      <property name="AllowGlyphSkinning">Default</property>
      <property name="OptionsCustomization" isnull="true" iskey="true">
        <property name="AllowDrag">Default</property>
        <property name="AllowDrop">Default</property>
      </property>
      <property name="OptionsTableLayoutItem" isnull="true" iskey="true">
        <property name="RowIndex">0</property>
        <property name="RowSpan">1</property>
        <property name="ColumnIndex">0</property>
        <property name="ColumnSpan">1</property>
      </property>
      <property name="OptionsToolTip" isnull="true" iskey="true">
        <property name="ToolTip" />
        <property name="ToolTipTitle" />
        <property name="ToolTipIconType">None</property>
        <property name="ImmediateToolTip">false</property>
        <property name="AllowHtmlString">Default</property>
        <property name="IconToolTip" />
        <property name="IconToolTipTitle" />
        <property name="IconToolTipIconType">None</property>
        <property name="EnableIconToolTip">true</property>
        <property name="IconImmediateToolTip">false</property>
        <property name="IconAllowHtmlString">Default</property>
      </property>
      <property name="Name">layItemlblCustPO</property>
      <property name="AppearanceItemCaption" isnull="true" iskey="true">
        <property name="ForeColor" />
        <property name="BorderColor" />
        <property name="BackColor" />
        <property name="BackColor2" />
        <property name="Font">Tahoma, 8.25pt</property>
        <property name="GradientMode">Horizontal</property>
        <property name="FontSizeDelta">0</property>
        <property name="FontStyleDelta">Regular</property>
      </property>
      <property name="ParentName">Root</property>
      <property name="TextVisible">false</property>
      <property name="TextSize">@1,Width=0@1,Height=0</property>
      <property name="TextToControlDistance">0</property>
      <property name="Spacing">0, 0, 0, 0</property>
      <property name="Padding">2, 2, 2, 2</property>
      <property name="Location">@1,X=0@3,Y=470</property>
      <property name="Size">@4,Width=1024@2,Height=17</property>
      <property name="ShowInCustomizationForm">true</property>
      <property name="Text">Customer PO - &lt;CUSTPO&gt;</property>
      <property name="CustomizationFormText">Customer PO - &lt;CUSTPO&gt;</property>
      <property name="StartNewLine">false</property>
      <property name="Visibility">Always</property>
      <property name="TextLocation">Default</property>
    </property>
    <property name="Item8" isnull="true" iskey="true">
      <property name="TextInternationalID">0</property>
      <property name="TypeName">LayoutControlItem</property>
      <property name="ControlName">LBLINVOICE</property>
      <property name="AllowHtmlStringInCaption">false</property>
      <property name="TextAlignMode">UseParentOptions</property>
      <property name="SizeConstraintsType">Default</property>
      <property name="Image" isnull="true" />
      <property name="ImageIndex">-1</property>
      <property name="ImageAlignment">MiddleLeft</property>
      <property name="ImageToTextDistance">5</property>
      <property name="OptionsPrint" isnull="true" iskey="true">
        <property name="TextToControlDistance">-1</property>
        <property name="AllowPrint">true</property>
        <property name="AppearanceItemCaption" isnull="true" iskey="true">
          <property name="ForeColor" />
          <property name="BorderColor" />
          <property name="BackColor" />
          <property name="BackColor2" />
          <property name="Font">Tahoma, 8.25pt</property>
          <property name="GradientMode">Horizontal</property>
          <property name="FontSizeDelta">0</property>
          <property name="FontStyleDelta">Regular</property>
        </property>
      </property>
      <property name="MaxSize">@3,Width=148@2,Height=17</property>
      <property name="MinSize">@3,Width=148@2,Height=17</property>
      <property name="ControlAlignment">TopLeft</property>
      <property name="ContentVisible">true</property>
      <property name="HighlightFocusedItem">Default</property>
      <property name="TrimClientAreaToControl">true</property>
      <property name="Enabled">true</property>
      <property name="AllowGlyphSkinning">Default</property>
      <property name="OptionsCustomization" isnull="true" iskey="true">
        <property name="AllowDrag">Default</property>
        <property name="AllowDrop">Default</property>
      </property>
      <property name="OptionsTableLayoutItem" isnull="true" iskey="true">
        <property name="RowIndex">0</property>
        <property name="RowSpan">1</property>
        <property name="ColumnIndex">0</property>
        <property name="ColumnSpan">1</property>
      </property>
      <property name="OptionsToolTip" isnull="true" iskey="true">
        <property name="ToolTip" />
        <property name="ToolTipTitle" />
        <property name="ToolTipIconType">None</property>
        <property name="ImmediateToolTip">false</property>
        <property name="AllowHtmlString">Default</property>
        <property name="IconToolTip" />
        <property name="IconToolTipTitle" />
        <property name="IconToolTipIconType">None</property>
        <property name="EnableIconToolTip">true</property>
        <property name="IconImmediateToolTip">false</property>
        <property name="IconAllowHtmlString">Default</property>
      </property>
      <property name="Name">layItemlblInvoice</property>
      <property name="AppearanceItemCaption" isnull="true" iskey="true">
        <property name="ForeColor" />
        <property name="BorderColor" />
        <property name="BackColor" />
        <property name="BackColor2" />
        <property name="Font">Tahoma, 8.25pt</property>
        <property name="GradientMode">Horizontal</property>
        <property name="FontSizeDelta">0</property>
        <property name="FontStyleDelta">Regular</property>
      </property>
      <property name="ParentName">Root</property>
      <property name="TextVisible">false</property>
      <property name="TextSize">@1,Width=0@1,Height=0</property>
      <property name="TextToControlDistance">0</property>
      <property name="Spacing">0, 0, 0, 0</property>
      <property name="Padding">2, 2, 2, 2</property>
      <property name="Location">@1,X=0@3,Y=488</property>
      <property name="Size">@4,Width=1024@2,Height=17</property>
      <property name="ShowInCustomizationForm">true</property>
      <property name="Text">Invoice Number - &lt;INVC&gt;</property>
      <property name="CustomizationFormText">Invoice Number - &lt;INVC&gt;</property>
      <property name="StartNewLine">false</property>
      <property name="Visibility">Always</property>
      <property name="TextLocation">Default</property>
    </property>
    <property name="Item9" isnull="true" iskey="true">
      <property name="TextInternationalID">0</property>
      <property name="TypeName">LayoutControlItem</property>
      <property name="ControlName">LBLPACKLIST</property>
      <property name="AllowHtmlStringInCaption">false</property>
      <property name="TextAlignMode">UseParentOptions</property>
      <property name="SizeConstraintsType">Default</property>
      <property name="Image" isnull="true" />
      <property name="ImageIndex">-1</property>
      <property name="ImageAlignment">MiddleLeft</property>
      <property name="ImageToTextDistance">5</property>
      <property name="OptionsPrint" isnull="true" iskey="true">
        <property name="TextToControlDistance">-1</property>
        <property name="AllowPrint">true</property>
        <property name="AppearanceItemCaption" isnull="true" iskey="true">
          <property name="ForeColor" />
          <property name="BorderColor" />
          <property name="BackColor" />
          <property name="BackColor2" />
          <property name="Font">Tahoma, 8.25pt</property>
          <property name="GradientMode">Horizontal</property>
          <property name="FontSizeDelta">0</property>
          <property name="FontStyleDelta">Regular</property>
        </property>
      </property>
      <property name="MaxSize">@3,Width=201@2,Height=17</property>
      <property name="MinSize">@3,Width=201@2,Height=17</property>
      <property name="ControlAlignment">TopLeft</property>
      <property name="ContentVisible">true</property>
      <property name="HighlightFocusedItem">Default</property>
      <property name="TrimClientAreaToControl">true</property>
      <property name="Enabled">true</property>
      <property name="AllowGlyphSkinning">Default</property>
      <property name="OptionsCustomization" isnull="true" iskey="true">
        <property name="AllowDrag">Default</property>
        <property name="AllowDrop">Default</property>
      </property>
      <property name="OptionsTableLayoutItem" isnull="true" iskey="true">
        <property name="RowIndex">0</property>
        <property name="RowSpan">1</property>
        <property name="ColumnIndex">0</property>
        <property name="ColumnSpan">1</property>
      </property>
      <property name="OptionsToolTip" isnull="true" iskey="true">
        <property name="ToolTip" />
        <property name="ToolTipTitle" />
        <property name="ToolTipIconType">None</property>
        <property name="ImmediateToolTip">false</property>
        <property name="AllowHtmlString">Default</property>
        <property name="IconToolTip" />
        <property name="IconToolTipTitle" />
        <property name="IconToolTipIconType">None</property>
        <property name="EnableIconToolTip">true</property>
        <property name="IconImmediateToolTip">false</property>
        <property name="IconAllowHtmlString">Default</property>
      </property>
      <property name="Name">layItemlblPacklist</property>
      <property name="AppearanceItemCaption" isnull="true" iskey="true">
        <property name="ForeColor" />
        <property name="BorderColor" />
        <property name="BackColor" />
        <property name="BackColor2" />
        <property name="Font">Tahoma, 8.25pt</property>
        <property name="GradientMode">Horizontal</property>
        <property name="FontSizeDelta">0</property>
        <property name="FontStyleDelta">Regular</property>
      </property>
      <property name="ParentName">Root</property>
      <property name="TextVisible">false</property>
      <property name="TextSize">@1,Width=0@1,Height=0</property>
      <property name="TextToControlDistance">0</property>
      <property name="Spacing">0, 0, 0, 0</property>
      <property name="Padding">2, 2, 2, 2</property>
      <property name="Location">@1,X=0@3,Y=540</property>
      <property name="Size">@4,Width=1024@2,Height=17</property>
      <property name="ShowInCustomizationForm">true</property>
      <property name="Text">Packing List Number - &lt;PACKLIST&gt;</property>
      <property name="CustomizationFormText">Packing List Number - &lt;PACKLIST&gt;</property>
      <property name="StartNewLine">false</property>
      <property name="Visibility">Always</property>
      <property name="TextLocation">Default</property>
    </property>
    <property name="Item10" isnull="true" iskey="true">
      <property name="TextInternationalID">0</property>
      <property name="TypeName">LayoutControlItem</property>
      <property name="ControlName">LBLCONTACTNOTE</property>
      <property name="AllowHtmlStringInCaption">false</property>
      <property name="TextAlignMode">UseParentOptions</property>
      <property name="SizeConstraintsType">Default</property>
      <property name="Image" isnull="true" />
      <property name="ImageIndex">-1</property>
      <property name="ImageAlignment">MiddleLeft</property>
      <property name="ImageToTextDistance">5</property>
      <property name="OptionsPrint" isnull="true" iskey="true">
        <property name="TextToControlDistance">-1</property>
        <property name="AllowPrint">true</property>
        <property name="AppearanceItemCaption" isnull="true" iskey="true">
          <property name="ForeColor" />
          <property name="BorderColor" />
          <property name="BackColor" />
          <property name="BackColor2" />
          <property name="Font">Tahoma, 8.25pt</property>
          <property name="GradientMode">Horizontal</property>
          <property name="FontSizeDelta">0</property>
          <property name="FontStyleDelta">Regular</property>
        </property>
      </property>
      <property name="MaxSize">@3,Width=474@2,Height=17</property>
      <property name="MinSize">@3,Width=474@2,Height=17</property>
      <property name="ControlAlignment">TopLeft</property>
      <property name="ContentVisible">true</property>
      <property name="HighlightFocusedItem">Default</property>
      <property name="TrimClientAreaToControl">true</property>
      <property name="Enabled">true</property>
      <property name="AllowGlyphSkinning">Default</property>
      <property name="OptionsCustomization" isnull="true" iskey="true">
        <property name="AllowDrag">Default</property>
        <property name="AllowDrop">Default</property>
      </property>
      <property name="OptionsTableLayoutItem" isnull="true" iskey="true">
        <property name="RowIndex">0</property>
        <property name="RowSpan">1</property>
        <property name="ColumnIndex">0</property>
        <property name="ColumnSpan">1</property>
      </property>
      <property name="OptionsToolTip" isnull="true" iskey="true">
        <property name="ToolTip" />
        <property name="ToolTipTitle" />
        <property name="ToolTipIconType">None</property>
        <property name="ImmediateToolTip">false</property>
        <property name="AllowHtmlString">Default</property>
        <property name="IconToolTip" />
        <property name="IconToolTipTitle" />
        <property name="IconToolTipIconType">None</property>
        <property name="EnableIconToolTip">true</property>
        <property name="IconImmediateToolTip">false</property>
        <property name="IconAllowHtmlString">Default</property>
      </property>
      <property name="Name">layItemlblContactNote</property>
      <property name="AppearanceItemCaption" isnull="true" iskey="true">
        <property name="ForeColor" />
        <property name="BorderColor" />
        <property name="BackColor" />
        <property name="BackColor2" />
        <property name="Font">Tahoma, 8.25pt</property>
        <property name="GradientMode">Horizontal</property>
        <property name="FontSizeDelta">0</property>
        <property name="FontStyleDelta">Regular</property>
      </property>
      <property name="ParentName">Root</property>
      <property name="TextVisible">false</property>
      <property name="TextSize">@1,Width=0@1,Height=0</property>
      <property name="TextToControlDistance">0</property>
      <property name="Spacing">0, 0, 0, 0</property>
      <property name="Padding">2, 2, 2, 2</property>
      <property name="Location">@1,X=0@3,Y=418</property>
      <property name="Size">@4,Width=1024@2,Height=17</property>
      <property name="ShowInCustomizationForm">true</property>
      <property name="Text">(if the targeted email address o</property>
      <property name="CustomizationFormText">(if the targeted email address o</property>
      <property name="StartNewLine">false</property>
      <property name="Visibility">Always</property>
      <property name="TextLocation">Default</property>
    </property>
    <property name="Item11" isnull="true" iskey="true">
      <property name="TextInternationalID">0</property>
      <property name="TypeName">LayoutControlItem</property>
      <property name="ControlName">LBLCONTACTNOTE2</property>
      <property name="AllowHtmlStringInCaption">false</property>
      <property name="TextAlignMode">UseParentOptions</property>
      <property name="SizeConstraintsType">Default</property>
      <property name="Image" isnull="true" />
      <property name="ImageIndex">-1</property>
      <property name="ImageAlignment">MiddleLeft</property>
      <property name="ImageToTextDistance">5</property>
      <property name="OptionsPrint" isnull="true" iskey="true">
        <property name="TextToControlDistance">-1</property>
        <property name="AllowPrint">true</property>
        <property name="AppearanceItemCaption" isnull="true" iskey="true">
          <property name="ForeColor" />
          <property name="BorderColor" />
          <property name="BackColor" />
          <property name="BackColor2" />
          <property name="Font">Tahoma, 8.25pt</property>
          <property name="GradientMode">Horizontal</property>
          <property name="FontSizeDelta">0</property>
          <property name="FontStyleDelta">Regular</property>
        </property>
      </property>
      <property name="MaxSize">@3,Width=302@2,Height=17</property>
      <property name="MinSize">@3,Width=302@2,Height=17</property>
      <property name="ControlAlignment">TopLeft</property>
      <property name="ContentVisible">true</property>
      <property name="HighlightFocusedItem">Default</property>
      <property name="TrimClientAreaToControl">true</property>
      <property name="Enabled">true</property>
      <property name="AllowGlyphSkinning">Default</property>
      <property name="OptionsCustomization" isnull="true" iskey="true">
        <property name="AllowDrag">Default</property>
        <property name="AllowDrop">Default</property>
      </property>
      <property name="OptionsTableLayoutItem" isnull="true" iskey="true">
        <property name="RowIndex">0</property>
        <property name="RowSpan">1</property>
        <property name="ColumnIndex">0</property>
        <property name="ColumnSpan">1</property>
      </property>
      <property name="OptionsToolTip" isnull="true" iskey="true">
        <property name="ToolTip" />
        <property name="ToolTipTitle" />
        <property name="ToolTipIconType">None</property>
        <property name="ImmediateToolTip">false</property>
        <property name="AllowHtmlString">Default</property>
        <property name="IconToolTip" />
        <property name="IconToolTipTitle" />
        <property name="IconToolTipIconType">None</property>
        <property name="EnableIconToolTip">true</property>
        <property name="IconImmediateToolTip">false</property>
        <property name="IconAllowHtmlString">Default</property>
      </property>
      <property name="Name">layItemlblContactNote2</property>
      <property name="AppearanceItemCaption" isnull="true" iskey="true">
        <property name="ForeColor" />
        <property name="BorderColor" />
        <property name="BackColor" />
        <property name="BackColor2" />
        <property name="Font">Tahoma, 8.25pt</property>
        <property name="GradientMode">Horizontal</property>
        <property name="FontSizeDelta">0</property>
        <property name="FontStyleDelta">Regular</property>
      </property>
      <property name="ParentName">Root</property>
      <property name="TextVisible">false</property>
      <property name="TextSize">@1,Width=0@1,Height=0</property>
      <property name="TextToControlDistance">0</property>
      <property name="Spacing">0, 0, 0, 0</property>
      <property name="Padding">2, 2, 2, 2</property>
      <property name="Location">@1,X=0@3,Y=435</property>
      <property name="Size">@4,Width=1024@2,Height=17</property>
      <property name="ShowInCustomizationForm">true</property>
      <property name="Text">if the email does not originate </property>
      <property name="CustomizationFormText">if the email does not originate </property>
      <property name="StartNewLine">false</property>
      <property name="Visibility">Always</property>
      <property name="TextLocation">Default</property>
    </property>
    <property name="Item12" isnull="true" iskey="true">
      <property name="TextInternationalID">0</property>
      <property name="TypeName">LayoutControlItem</property>
      <property name="ControlName">LBLCONTACTNOTE3</property>
      <property name="AllowHtmlStringInCaption">false</property>
      <property name="TextAlignMode">UseParentOptions</property>
      <property name="SizeConstraintsType">Default</property>
      <property name="Image" isnull="true" />
      <property name="ImageIndex">-1</property>
      <property name="ImageAlignment">MiddleLeft</property>
      <property name="ImageToTextDistance">5</property>
      <property name="OptionsPrint" isnull="true" iskey="true">
        <property name="TextToControlDistance">-1</property>
        <property name="AllowPrint">true</property>
        <property name="AppearanceItemCaption" isnull="true" iskey="true">
          <property name="ForeColor" />
          <property name="BorderColor" />
          <property name="BackColor" />
          <property name="BackColor2" />
          <property name="Font">Tahoma, 8.25pt</property>
          <property name="GradientMode">Horizontal</property>
          <property name="FontSizeDelta">0</property>
          <property name="FontStyleDelta">Regular</property>
        </property>
      </property>
      <property name="MaxSize">@3,Width=310@2,Height=17</property>
      <property name="MinSize">@3,Width=310@2,Height=17</property>
      <property name="ControlAlignment">TopLeft</property>
      <property name="ContentVisible">true</property>
      <property name="HighlightFocusedItem">Default</property>
      <property name="TrimClientAreaToControl">true</property>
      <property name="Enabled">true</property>
      <property name="AllowGlyphSkinning">Default</property>
      <property name="OptionsCustomization" isnull="true" iskey="true">
        <property name="AllowDrag">Default</property>
        <property name="AllowDrop">Default</property>
      </property>
      <property name="OptionsTableLayoutItem" isnull="true" iskey="true">
        <property name="RowIndex">0</property>
        <property name="RowSpan">1</property>
        <property name="ColumnIndex">0</property>
        <property name="ColumnSpan">1</property>
      </property>
      <property name="OptionsToolTip" isnull="true" iskey="true">
        <property name="ToolTip" />
        <property name="ToolTipTitle" />
        <property name="ToolTipIconType">None</property>
        <property name="ImmediateToolTip">false</property>
        <property name="AllowHtmlString">Default</property>
        <property name="IconToolTip" />
        <property name="IconToolTipTitle" />
        <property name="IconToolTipIconType">None</property>
        <property name="EnableIconToolTip">true</property>
        <property name="IconImmediateToolTip">false</property>
        <property name="IconAllowHtmlString">Default</property>
      </property>
      <property name="Name">layItemlblContactNote3</property>
      <property name="AppearanceItemCaption" isnull="true" iskey="true">
        <property name="ForeColor" />
        <property name="BorderColor" />
        <property name="BackColor" />
        <property name="BackColor2" />
        <property name="Font">Tahoma, 8.25pt</property>
        <property name="GradientMode">Horizontal</property>
        <property name="FontSizeDelta">0</property>
        <property name="FontStyleDelta">Regular</property>
      </property>
      <property name="ParentName">Root</property>
      <property name="TextVisible">false</property>
      <property name="TextSize">@1,Width=0@1,Height=0</property>
      <property name="TextToControlDistance">0</property>
      <property name="Spacing">0, 0, 0, 0</property>
      <property name="Padding">2, 2, 2, 2</property>
      <property name="Location">@1,X=0@3,Y=452</property>
      <property name="Size">@4,Width=1024@2,Height=17</property>
      <property name="ShowInCustomizationForm">true</property>
      <property name="Text">the program will remove the whol</property>
      <property name="CustomizationFormText">the program will remove the whol</property>
      <property name="StartNewLine">false</property>
      <property name="Visibility">Always</property>
      <property name="TextLocation">Default</property>
    </property>
    <property name="Item13" isnull="true" iskey="true">
      <property name="TextInternationalID">0</property>
      <property name="TypeName">LayoutControlItem</property>
      <property name="ControlName">LBLINVOICENOTE</property>
      <property name="AllowHtmlStringInCaption">false</property>
      <property name="TextAlignMode">UseParentOptions</property>
      <property name="SizeConstraintsType">Default</property>
      <property name="Image" isnull="true" />
      <property name="ImageIndex">-1</property>
      <property name="ImageAlignment">MiddleLeft</property>
      <property name="ImageToTextDistance">5</property>
      <property name="OptionsPrint" isnull="true" iskey="true">
        <property name="TextToControlDistance">-1</property>
        <property name="AllowPrint">true</property>
        <property name="AppearanceItemCaption" isnull="true" iskey="true">
          <property name="ForeColor" />
          <property name="BorderColor" />
          <property name="BackColor" />
          <property name="BackColor2" />
          <property name="Font">Tahoma, 8.25pt</property>
          <property name="GradientMode">Horizontal</property>
          <property name="FontSizeDelta">0</property>
          <property name="FontStyleDelta">Regular</property>
        </property>
      </property>
      <property name="MaxSize">@3,Width=344@2,Height=17</property>
      <property name="MinSize">@3,Width=344@2,Height=17</property>
      <property name="ControlAlignment">TopLeft</property>
      <property name="ContentVisible">true</property>
      <property name="HighlightFocusedItem">Default</property>
      <property name="TrimClientAreaToControl">true</property>
      <property name="Enabled">true</property>
      <property name="AllowGlyphSkinning">Default</property>
      <property name="OptionsCustomization" isnull="true" iskey="true">
        <property name="AllowDrag">Default</property>
        <property name="AllowDrop">Default</property>
      </property>
      <property name="OptionsTableLayoutItem" isnull="true" iskey="true">
        <property name="RowIndex">0</property>
        <property name="RowSpan">1</property>
        <property name="ColumnIndex">0</property>
        <property name="ColumnSpan">1</property>
      </property>
      <property name="OptionsToolTip" isnull="true" iskey="true">
        <property name="ToolTip" />
        <property name="ToolTipTitle" />
        <property name="ToolTipIconType">None</property>
        <property name="ImmediateToolTip">false</property>
        <property name="AllowHtmlString">Default</property>
        <property name="IconToolTip" />
        <property name="IconToolTipTitle" />
        <property name="IconToolTipIconType">None</property>
        <property name="EnableIconToolTip">true</property>
        <property name="IconImmediateToolTip">false</property>
        <property name="IconAllowHtmlString">Default</property>
      </property>
      <property name="Name">layItemlblInvoiceNote</property>
      <property name="AppearanceItemCaption" isnull="true" iskey="true">
        <property name="ForeColor" />
        <property name="BorderColor" />
        <property name="BackColor" />
        <property name="BackColor2" />
        <property name="Font">Tahoma, 8.25pt</property>
        <property name="GradientMode">Horizontal</property>
        <property name="FontSizeDelta">0</property>
        <property name="FontStyleDelta">Regular</property>
      </property>
      <property name="ParentName">Root</property>
      <property name="TextVisible">false</property>
      <property name="TextSize">@1,Width=0@1,Height=0</property>
      <property name="TextToControlDistance">0</property>
      <property name="Spacing">0, 0, 0, 0</property>
      <property name="Padding">2, 2, 2, 2</property>
      <property name="Location">@1,X=0@3,Y=505</property>
      <property name="Size">@4,Width=1024@2,Height=17</property>
      <property name="ShowInCustomizationForm">true</property>
      <property name="Text">(if an invoice is not assigned t</property>
      <property name="CustomizationFormText">(if an invoice is not assigned t</property>
      <property name="StartNewLine">false</property>
      <property name="Visibility">Always</property>
      <property name="TextLocation">Default</property>
    </property>
    <property name="Item14" isnull="true" iskey="true">
      <property name="TextInternationalID">0</property>
      <property name="TypeName">LayoutControlItem</property>
      <property name="ControlName">LBLINVOICENOTE2</property>
      <property name="AllowHtmlStringInCaption">false</property>
      <property name="TextAlignMode">UseParentOptions</property>
      <property name="SizeConstraintsType">Default</property>
      <property name="Image" isnull="true" />
      <property name="ImageIndex">-1</property>
      <property name="ImageAlignment">MiddleLeft</property>
      <property name="ImageToTextDistance">5</property>
      <property name="OptionsPrint" isnull="true" iskey="true">
        <property name="TextToControlDistance">-1</property>
        <property name="AllowPrint">true</property>
        <property name="AppearanceItemCaption" isnull="true" iskey="true">
          <property name="ForeColor" />
          <property name="BorderColor" />
          <property name="BackColor" />
          <property name="BackColor2" />
          <property name="Font">Tahoma, 8.25pt</property>
          <property name="GradientMode">Horizontal</property>
          <property name="FontSizeDelta">0</property>
          <property name="FontStyleDelta">Regular</property>
        </property>
      </property>
      <property name="MaxSize">@3,Width=346@2,Height=17</property>
      <property name="MinSize">@3,Width=346@2,Height=17</property>
      <property name="ControlAlignment">TopLeft</property>
      <property name="ContentVisible">true</property>
      <property name="HighlightFocusedItem">Default</property>
      <property name="TrimClientAreaToControl">true</property>
      <property name="Enabled">true</property>
      <property name="AllowGlyphSkinning">Default</property>
      <property name="OptionsCustomization" isnull="true" iskey="true">
        <property name="AllowDrag">Default</property>
        <property name="AllowDrop">Default</property>
      </property>
      <property name="OptionsTableLayoutItem" isnull="true" iskey="true">
        <property name="RowIndex">0</property>
        <property name="RowSpan">1</property>
        <property name="ColumnIndex">0</property>
        <property name="ColumnSpan">1</property>
      </property>
      <property name="OptionsToolTip" isnull="true" iskey="true">
        <property name="ToolTip" />
        <property name="ToolTipTitle" />
        <property name="ToolTipIconType">None</property>
        <property name="ImmediateToolTip">false</property>
        <property name="AllowHtmlString">Default</property>
        <property name="IconToolTip" />
        <property name="IconToolTipTitle" />
        <property name="IconToolTipIconType">None</property>
        <property name="EnableIconToolTip">true</property>
        <property name="IconImmediateToolTip">false</property>
        <property name="IconAllowHtmlString">Default</property>
      </property>
      <property name="Name">layItemlblInvoiceNote2</property>
      <property name="AppearanceItemCaption" isnull="true" iskey="true">
        <property name="ForeColor" />
        <property name="BorderColor" />
        <property name="BackColor" />
        <property name="BackColor2" />
        <property name="Font">Tahoma, 8.25pt</property>
        <property name="GradientMode">Horizontal</property>
        <property name="FontSizeDelta">0</property>
        <property name="FontStyleDelta">Regular</property>
      </property>
      <property name="ParentName">Root</property>
      <property name="TextVisible">false</property>
      <property name="TextSize">@1,Width=0@1,Height=0</property>
      <property name="TextToControlDistance">0</property>
      <property name="Spacing">0, 0, 0, 0</property>
      <property name="Padding">2, 2, 2, 2</property>
      <property name="Location">@1,X=0@3,Y=522</property>
      <property name="Size">@4,Width=1024@2,Height=17</property>
      <property name="ShowInCustomizationForm">true</property>
      <property name="Text">the program will remove the whol</property>
      <property name="CustomizationFormText">the program will remove the whol</property>
      <property name="StartNewLine">false</property>
      <property name="Visibility">Always</property>
      <property name="TextLocation">Default</property>
    </property>
    <property name="Item15" isnull="true" iskey="true">
      <property name="Size">@4,Width=1024@1,Height=1</property>
      <property name="TypeName">SimpleSeparator</property>
      <property name="TextVisible">false</property>
      <property name="MinSize">@1,Width=1@1,Height=1</property>
      <property name="MaxSize">@1,Width=0@1,Height=1</property>
      <property name="TextToControlDistance">0</property>
      <property name="TextLocation">Default</property>
      <property name="ContentVisible">true</property>
      <property name="HighlightFocusedItem">Default</property>
      <property name="TrimClientAreaToControl">true</property>
      <property name="ControlAlignment">TopLeft</property>
      <property name="Image" isnull="true" />
      <property name="ImageAlignment">MiddleLeft</property>
      <property name="ImageIndex">-1</property>
      <property name="ImageToTextDistance">5</property>
      <property name="ControlName" isnull="true" />
      <property name="AllowHtmlStringInCaption">false</property>
      <property name="TextAlignMode">UseParentOptions</property>
      <property name="SizeConstraintsType">Default</property>
      <property name="OptionsPrint" isnull="true" iskey="true">
        <property name="TextToControlDistance">-1</property>
        <property name="AllowPrint">true</property>
        <property name="AppearanceItemCaption" isnull="true" iskey="true">
          <property name="ForeColor" />
          <property name="BorderColor" />
          <property name="BackColor" />
          <property name="BackColor2" />
          <property name="Font">Tahoma, 8.25pt</property>
          <property name="GradientMode">Horizontal</property>
          <property name="FontSizeDelta">0</property>
          <property name="FontStyleDelta">Regular</property>
        </property>
      </property>
      <property name="Enabled">true</property>
      <property name="AllowGlyphSkinning">Default</property>
      <property name="OptionsCustomization" isnull="true" iskey="true">
        <property name="AllowDrag">Default</property>
        <property name="AllowDrop">Default</property>
      </property>
      <property name="OptionsTableLayoutItem" isnull="true" iskey="true">
        <property name="RowIndex">0</property>
        <property name="RowSpan">1</property>
        <property name="ColumnIndex">0</property>
        <property name="ColumnSpan">1</property>
      </property>
      <property name="OptionsToolTip" isnull="true" iskey="true">
        <property name="ToolTip" />
        <property name="ToolTipTitle" />
        <property name="ToolTipIconType">None</property>
        <property name="ImmediateToolTip">false</property>
        <property name="AllowHtmlString">Default</property>
        <property name="IconToolTip" />
        <property name="IconToolTipTitle" />
        <property name="IconToolTipIconType">None</property>
        <property name="EnableIconToolTip">true</property>
        <property name="IconImmediateToolTip">false</property>
        <property name="IconAllowHtmlString">Default</property>
      </property>
      <property name="Name">item0</property>
      <property name="AppearanceItemCaption" isnull="true" iskey="true">
        <property name="ForeColor" />
        <property name="BorderColor" />
        <property name="BackColor" />
        <property name="BackColor2" />
        <property name="Font">Tahoma, 8.25pt</property>
        <property name="GradientMode">Horizontal</property>
        <property name="FontSizeDelta">0</property>
        <property name="FontStyleDelta">Regular</property>
      </property>
      <property name="ParentName">Root</property>
      <property name="Spacing">0, 0, 0, 0</property>
      <property name="Padding">2, 2, 2, 2</property>
      <property name="Location">@1,X=0@3,Y=469</property>
      <property name="ShowInCustomizationForm">true</property>
      <property name="Text">item0</property>
      <property name="CustomizationFormText">item0</property>
      <property name="StartNewLine">false</property>
      <property name="Visibility">Always</property>
    </property>
    <property name="Item16" isnull="true" iskey="true">
      <property name="Size">@4,Width=1024@1,Height=1</property>
      <property name="TypeName">SimpleSeparator</property>
      <property name="TextVisible">false</property>
      <property name="MinSize">@1,Width=1@1,Height=1</property>
      <property name="MaxSize">@1,Width=0@1,Height=1</property>
      <property name="TextToControlDistance">0</property>
      <property name="TextLocation">Default</property>
      <property name="ContentVisible">true</property>
      <property name="HighlightFocusedItem">Default</property>
      <property name="TrimClientAreaToControl">true</property>
      <property name="ControlAlignment">TopLeft</property>
      <property name="Image" isnull="true" />
      <property name="ImageAlignment">MiddleLeft</property>
      <property name="ImageIndex">-1</property>
      <property name="ImageToTextDistance">5</property>
      <property name="ControlName" isnull="true" />
      <property name="AllowHtmlStringInCaption">false</property>
      <property name="TextAlignMode">UseParentOptions</property>
      <property name="SizeConstraintsType">Default</property>
      <property name="OptionsPrint" isnull="true" iskey="true">
        <property name="TextToControlDistance">-1</property>
        <property name="AllowPrint">true</property>
        <property name="AppearanceItemCaption" isnull="true" iskey="true">
          <property name="ForeColor" />
          <property name="BorderColor" />
          <property name="BackColor" />
          <property name="BackColor2" />
          <property name="Font">Tahoma, 8.25pt</property>
          <property name="GradientMode">Horizontal</property>
          <property name="FontSizeDelta">0</property>
          <property name="FontStyleDelta">Regular</property>
        </property>
      </property>
      <property name="Enabled">true</property>
      <property name="AllowGlyphSkinning">Default</property>
      <property name="OptionsCustomization" isnull="true" iskey="true">
        <property name="AllowDrag">Default</property>
        <property name="AllowDrop">Default</property>
      </property>
      <property name="OptionsTableLayoutItem" isnull="true" iskey="true">
        <property name="RowIndex">0</property>
        <property name="RowSpan">1</property>
        <property name="ColumnIndex">0</property>
        <property name="ColumnSpan">1</property>
      </property>
      <property name="OptionsToolTip" isnull="true" iskey="true">
        <property name="ToolTip" />
        <property name="ToolTipTitle" />
        <property name="ToolTipIconType">None</property>
        <property name="ImmediateToolTip">false</property>
        <property name="AllowHtmlString">Default</property>
        <property name="IconToolTip" />
        <property name="IconToolTipTitle" />
        <property name="IconToolTipIconType">None</property>
        <property name="EnableIconToolTip">true</property>
        <property name="IconImmediateToolTip">false</property>
        <property name="IconAllowHtmlString">Default</property>
      </property>
      <property name="Name">item1</property>
      <property name="AppearanceItemCaption" isnull="true" iskey="true">
        <property name="ForeColor" />
        <property name="BorderColor" />
        <property name="BackColor" />
        <property name="BackColor2" />
        <property name="Font">Tahoma, 8.25pt</property>
        <property name="GradientMode">Horizontal</property>
        <property name="FontSizeDelta">0</property>
        <property name="FontStyleDelta">Regular</property>
      </property>
      <property name="ParentName">Root</property>
      <property name="Spacing">0, 0, 0, 0</property>
      <property name="Padding">2, 2, 2, 2</property>
      <property name="Location">@1,X=0@3,Y=487</property>
      <property name="ShowInCustomizationForm">true</property>
      <property name="Text">item1</property>
      <property name="CustomizationFormText">item1</property>
      <property name="StartNewLine">false</property>
      <property name="Visibility">Always</property>
    </property>
    <property name="Item17" isnull="true" iskey="true">
      <property name="Size">@4,Width=1024@1,Height=1</property>
      <property name="TypeName">SimpleSeparator</property>
      <property name="TextVisible">false</property>
      <property name="MinSize">@1,Width=1@1,Height=1</property>
      <property name="MaxSize">@1,Width=0@1,Height=1</property>
      <property name="TextToControlDistance">0</property>
      <property name="TextLocation">Default</property>
      <property name="ContentVisible">true</property>
      <property name="HighlightFocusedItem">Default</property>
      <property name="TrimClientAreaToControl">true</property>
      <property name="ControlAlignment">TopLeft</property>
      <property name="Image" isnull="true" />
      <property name="ImageAlignment">MiddleLeft</property>
      <property name="ImageIndex">-1</property>
      <property name="ImageToTextDistance">5</property>
      <property name="ControlName" isnull="true" />
      <property name="AllowHtmlStringInCaption">false</property>
      <property name="TextAlignMode">UseParentOptions</property>
      <property name="SizeConstraintsType">Default</property>
      <property name="OptionsPrint" isnull="true" iskey="true">
        <property name="TextToControlDistance">-1</property>
        <property name="AllowPrint">true</property>
        <property name="AppearanceItemCaption" isnull="true" iskey="true">
          <property name="ForeColor" />
          <property name="BorderColor" />
          <property name="BackColor" />
          <property name="BackColor2" />
          <property name="Font">Tahoma, 8.25pt</property>
          <property name="GradientMode">Horizontal</property>
          <property name="FontSizeDelta">0</property>
          <property name="FontStyleDelta">Regular</property>
        </property>
      </property>
      <property name="Enabled">true</property>
      <property name="AllowGlyphSkinning">Default</property>
      <property name="OptionsCustomization" isnull="true" iskey="true">
        <property name="AllowDrag">Default</property>
        <property name="AllowDrop">Default</property>
      </property>
      <property name="OptionsTableLayoutItem" isnull="true" iskey="true">
        <property name="RowIndex">0</property>
        <property name="RowSpan">1</property>
        <property name="ColumnIndex">0</property>
        <property name="ColumnSpan">1</property>
      </property>
      <property name="OptionsToolTip" isnull="true" iskey="true">
        <property name="ToolTip" />
        <property name="ToolTipTitle" />
        <property name="ToolTipIconType">None</property>
        <property name="ImmediateToolTip">false</property>
        <property name="AllowHtmlString">Default</property>
        <property name="IconToolTip" />
        <property name="IconToolTipTitle" />
        <property name="IconToolTipIconType">None</property>
        <property name="EnableIconToolTip">true</property>
        <property name="IconImmediateToolTip">false</property>
        <property name="IconAllowHtmlString">Default</property>
      </property>
      <property name="Name">item2</property>
      <property name="AppearanceItemCaption" isnull="true" iskey="true">
        <property name="ForeColor" />
        <property name="BorderColor" />
        <property name="BackColor" />
        <property name="BackColor2" />
        <property name="Font">Tahoma, 8.25pt</property>
        <property name="GradientMode">Horizontal</property>
        <property name="FontSizeDelta">0</property>
        <property name="FontStyleDelta">Regular</property>
      </property>
      <property name="ParentName">Root</property>
      <property name="Spacing">0, 0, 0, 0</property>
      <property name="Padding">2, 2, 2, 2</property>
      <property name="Location">@1,X=0@3,Y=539</property>
      <property name="ShowInCustomizationForm">true</property>
      <property name="Text">item2</property>
      <property name="CustomizationFormText">item2</property>
      <property name="StartNewLine">false</property>
      <property name="Visibility">Always</property>
    </property>
    <property name="Item18" isnull="true" iskey="true">
      <property name="Size">@4,Width=1024@1,Height=1</property>
      <property name="TypeName">SimpleSeparator</property>
      <property name="TextVisible">false</property>
      <property name="MinSize">@1,Width=1@1,Height=1</property>
      <property name="MaxSize">@1,Width=0@1,Height=1</property>
      <property name="TextToControlDistance">0</property>
      <property name="TextLocation">Default</property>
      <property name="ContentVisible">true</property>
      <property name="HighlightFocusedItem">Default</property>
      <property name="TrimClientAreaToControl">true</property>
      <property name="ControlAlignment">TopLeft</property>
      <property name="Image" isnull="true" />
      <property name="ImageAlignment">MiddleLeft</property>
      <property name="ImageIndex">-1</property>
      <property name="ImageToTextDistance">5</property>
      <property name="ControlName" isnull="true" />
      <property name="AllowHtmlStringInCaption">false</property>
      <property name="TextAlignMode">UseParentOptions</property>
      <property name="SizeConstraintsType">Default</property>
      <property name="OptionsPrint" isnull="true" iskey="true">
        <property name="TextToControlDistance">-1</property>
        <property name="AllowPrint">true</property>
        <property name="AppearanceItemCaption" isnull="true" iskey="true">
          <property name="ForeColor" />
          <property name="BorderColor" />
          <property name="BackColor" />
          <property name="BackColor2" />
          <property name="Font">Tahoma, 8.25pt</property>
          <property name="GradientMode">Horizontal</property>
          <property name="FontSizeDelta">0</property>
          <property name="FontStyleDelta">Regular</property>
        </property>
      </property>
      <property name="Enabled">true</property>
      <property name="AllowGlyphSkinning">Default</property>
      <property name="OptionsCustomization" isnull="true" iskey="true">
        <property name="AllowDrag">Default</property>
        <property name="AllowDrop">Default</property>
      </property>
      <property name="OptionsTableLayoutItem" isnull="true" iskey="true">
        <property name="RowIndex">0</property>
        <property name="RowSpan">1</property>
        <property name="ColumnIndex">0</property>
        <property name="ColumnSpan">1</property>
      </property>
      <property name="OptionsToolTip" isnull="true" iskey="true">
        <property name="ToolTip" />
        <property name="ToolTipTitle" />
        <property name="ToolTipIconType">None</property>
        <property name="ImmediateToolTip">false</property>
        <property name="AllowHtmlString">Default</property>
        <property name="IconToolTip" />
        <property name="IconToolTipTitle" />
        <property name="IconToolTipIconType">None</property>
        <property name="EnableIconToolTip">true</property>
        <property name="IconImmediateToolTip">false</property>
        <property name="IconAllowHtmlString">Default</property>
      </property>
      <property name="Name">item3</property>
      <property name="AppearanceItemCaption" isnull="true" iskey="true">
        <property name="ForeColor" />
        <property name="BorderColor" />
        <property name="BackColor" />
        <property name="BackColor2" />
        <property name="Font">Tahoma, 8.25pt</property>
        <property name="GradientMode">Horizontal</property>
        <property name="FontSizeDelta">0</property>
        <property name="FontStyleDelta">Regular</property>
      </property>
      <property name="ParentName">Root</property>
      <property name="Spacing">0, 0, 0, 0</property>
      <property name="Padding">2, 2, 2, 2</property>
      <property name="Location">@1,X=0@3,Y=557</property>
      <property name="ShowInCustomizationForm">true</property>
      <property name="Text">item3</property>
      <property name="CustomizationFormText">item3</property>
      <property name="StartNewLine">false</property>
      <property name="Visibility">Always</property>
    </property>
    <property name="Item19" isnull="true" iskey="true">
      <property name="TextInternationalID">0</property>
      <property name="TypeName">LayoutControlItem</property>
      <property name="ControlName">CMDTEMPLATESAVE</property>
      <property name="AllowHtmlStringInCaption">false</property>
      <property name="TextAlignMode">UseParentOptions</property>
      <property name="SizeConstraintsType">Custom</property>
      <property name="Image" isnull="true" />
      <property name="ImageIndex">-1</property>
      <property name="ImageAlignment">MiddleLeft</property>
      <property name="ImageToTextDistance">5</property>
      <property name="OptionsPrint" isnull="true" iskey="true">
        <property name="TextToControlDistance">-1</property>
        <property name="AllowPrint">true</property>
        <property name="AppearanceItemCaption" isnull="true" iskey="true">
          <property name="ForeColor" />
          <property name="BorderColor" />
          <property name="BackColor" />
          <property name="BackColor2" />
          <property name="Font">Tahoma, 8.25pt</property>
          <property name="GradientMode">Horizontal</property>
          <property name="FontSizeDelta">0</property>
          <property name="FontStyleDelta">Regular</property>
        </property>
      </property>
      <property name="MaxSize">@3,Width=104@2,Height=26</property>
      <property name="MinSize">@3,Width=104@2,Height=26</property>
      <property name="ControlAlignment">TopLeft</property>
      <property name="ContentVisible">true</property>
      <property name="HighlightFocusedItem">Default</property>
      <property name="TrimClientAreaToControl">true</property>
      <property name="Enabled">true</property>
      <property name="AllowGlyphSkinning">Default</property>
      <property name="OptionsCustomization" isnull="true" iskey="true">
        <property name="AllowDrag">Default</property>
        <property name="AllowDrop">Default</property>
      </property>
      <property name="OptionsTableLayoutItem" isnull="true" iskey="true">
        <property name="RowIndex">0</property>
        <property name="RowSpan">1</property>
        <property name="ColumnIndex">0</property>
        <property name="ColumnSpan">1</property>
      </property>
      <property name="OptionsToolTip" isnull="true" iskey="true">
        <property name="ToolTip" />
        <property name="ToolTipTitle" />
        <property name="ToolTipIconType">None</property>
        <property name="ImmediateToolTip">false</property>
        <property name="AllowHtmlString">Default</property>
        <property name="IconToolTip" />
        <property name="IconToolTipTitle" />
        <property name="IconToolTipIconType">None</property>
        <property name="EnableIconToolTip">true</property>
        <property name="IconImmediateToolTip">false</property>
        <property name="IconAllowHtmlString">Default</property>
      </property>
      <property name="Name">layItemcmdTemplateSave</property>
      <property name="AppearanceItemCaption" isnull="true" iskey="true">
        <property name="ForeColor" />
        <property name="BorderColor" />
        <property name="BackColor" />
        <property name="BackColor2" />
        <property name="Font">Tahoma, 8.25pt</property>
        <property name="GradientMode">Horizontal</property>
        <property name="FontSizeDelta">0</property>
        <property name="FontStyleDelta">Regular</property>
      </property>
      <property name="ParentName">Root</property>
      <property name="TextVisible">false</property>
      <property name="TextSize">@1,Width=0@1,Height=0</property>
      <property name="TextToControlDistance">0</property>
      <property name="Spacing">0, 0, 0, 0</property>
      <property name="Padding">2, 2, 2, 2</property>
      <property name="Location">@1,X=0@3,Y=575</property>
      <property name="Size">@3,Width=104@2,Height=26</property>
      <property name="ShowInCustomizationForm">true</property>
      <property name="Text">Save</property>
      <property name="CustomizationFormText">Save</property>
      <property name="StartNewLine">false</property>
      <property name="Visibility">Always</property>
      <property name="TextLocation">Default</property>
    </property>
    <property name="Item20" isnull="true" iskey="true">
      <property name="TypeName">EmptySpaceItem</property>
      <property name="TextVisible">false</property>
      <property name="TextToControlDistance">0</property>
      <property name="TextLocation">Default</property>
      <property name="ContentVisible">true</property>
      <property name="HighlightFocusedItem">Default</property>
      <property name="TrimClientAreaToControl">true</property>
      <property name="ControlAlignment">TopLeft</property>
      <property name="Image" isnull="true" />
      <property name="ImageAlignment">MiddleLeft</property>
      <property name="ImageIndex">-1</property>
      <property name="ImageToTextDistance">5</property>
      <property name="MinSize">@2,Width=10@2,Height=10</property>
      <property name="MaxSize">@1,Width=0@1,Height=0</property>
      <property name="ControlName" isnull="true" />
      <property name="AllowHtmlStringInCaption">false</property>
      <property name="TextAlignMode">UseParentOptions</property>
      <property name="SizeConstraintsType">Default</property>
      <property name="OptionsPrint" isnull="true" iskey="true">
        <property name="TextToControlDistance">-1</property>
        <property name="AllowPrint">true</property>
        <property name="AppearanceItemCaption" isnull="true" iskey="true">
          <property name="ForeColor" />
          <property name="BorderColor" />
          <property name="BackColor" />
          <property name="BackColor2" />
          <property name="Font">Tahoma, 8.25pt</property>
          <property name="GradientMode">Horizontal</property>
          <property name="FontSizeDelta">0</property>
          <property name="FontStyleDelta">Regular</property>
        </property>
      </property>
      <property name="Enabled">true</property>
      <property name="AllowGlyphSkinning">Default</property>
      <property name="OptionsCustomization" isnull="true" iskey="true">
        <property name="AllowDrag">Default</property>
        <property name="AllowDrop">Default</property>
      </property>
      <property name="OptionsTableLayoutItem" isnull="true" iskey="true">
        <property name="RowIndex">0</property>
        <property name="RowSpan">1</property>
        <property name="ColumnIndex">0</property>
        <property name="ColumnSpan">1</property>
      </property>
      <property name="OptionsToolTip" isnull="true" iskey="true">
        <property name="ToolTip" />
        <property name="ToolTipTitle" />
        <property name="ToolTipIconType">None</property>
        <property name="ImmediateToolTip">false</property>
        <property name="AllowHtmlString">Default</property>
        <property name="IconToolTip" />
        <property name="IconToolTipTitle" />
        <property name="IconToolTipIconType">None</property>
        <property name="EnableIconToolTip">true</property>
        <property name="IconImmediateToolTip">false</property>
        <property name="IconAllowHtmlString">Default</property>
      </property>
      <property name="Name">item4</property>
      <property name="AppearanceItemCaption" isnull="true" iskey="true">
        <property name="ForeColor" />
        <property name="BorderColor" />
        <property name="BackColor" />
        <property name="BackColor2" />
        <property name="Font">Tahoma, 8.25pt</property>
        <property name="GradientMode">Horizontal</property>
        <property name="FontSizeDelta">0</property>
        <property name="FontStyleDelta">Regular</property>
      </property>
      <property name="ParentName">Root</property>
      <property name="TextSize">@1,Width=0@1,Height=0</property>
      <property name="Spacing">0, 0, 0, 0</property>
      <property name="Padding">2, 2, 2, 2</property>
      <property name="Location">@3,X=104@3,Y=575</property>
      <property name="Size">@3,Width=920@2,Height=26</property>
      <property name="ShowInCustomizationForm">true</property>
      <property name="Text">item4</property>
      <property name="CustomizationFormText">item4</property>
      <property name="StartNewLine">false</property>
      <property name="Visibility">Always</property>
    </property>
  </property>
</XtraSerializer>